1,张伟,zhang,wei,,zhangwei,zw,zhangw
2,王伟,wang,wei,,wangwei,ww,wangw
3,王芳,wang,fang,,wangfang,wf,wangf
4,李伟,li,wei,,liwei,lw,liw
5,李娜,li,na,,lina,ln,lin
6,张敏,zhang,min,,zhangmin,zm,zhangm
7,李静,li,jing,,lijing,lj,lij
8,王静,wang,jing,,wangjing,wj,wangj
9,刘伟,liu,wei,,liuwei,lw,liuw
10,王秀英,wang,xiu,ying,wangxiuying,wxy,wangxy
11,张丽,zhang,li,,zhangli,zl,zhangl
12,李秀英,li,xiu,ying,lixiuying,lxy,lixy
13,王丽,wang,li,,wangli,wl,wangl
14,张静,zhang,jing,,zhangjing,zj,zhangj
15,张秀英,zhang,xiu,ying,zhangxiuying,zxy,zhangxy
16,李强,li,qiang,,liqiang,lq,liq
17,王敏,wang,min,,wangmin,wm,wangm
18,李敏,li,min,,limin,lm,lim
19,王磊,wang,lei,,wanglei,wl,wangl
20,刘洋,liu,yang,,liuyang,ly,liuy
21,王艳,wang,yan,,wangyan,wy,wangy
22,王勇,wang,yong,,wangyong,wy,wangy
23,李军,li,jun,,lijun,lj,lij
24,张勇,zhang,yong,,zhangyong,zy,zhangy
25,李杰,li,jie,,lijie,lj,lij
26,张杰,zhang,jie,,zhangjie,zj,zhangj
27,张磊,zhang,lei,,zhanglei,zl,zhangl
28,王强,wang,qiang,,wangqiang,wq,wangq
29,李娟,li,juan,,lijuan,lj,lij
30,王军,wang,jun,,wangjun,wj,wangj
31,张艳,zhang,yan,,zhangyan,zy,zhangy
32,张涛,zhang,tao,,zhangtao,zt,zhangt
33,王涛,wang,tao,,wangtao,wt,wangt
34,李艳,li,yan,,liyan,ly,liy
35,王超,wang,chao,,wangchao,wc,wangc
36,李明,li,ming,,liming,lm,lim
37,李勇,li,yong,,liyong,ly,liy
38,王娟,wang,juan,,wangjuan,wj,wangj
39,刘杰,liu,jie,,liujie,lj,liuj
40,刘敏,liu,min,,liumin,lm,lium
41,李霞,li,xia,,lixia,lx,lix
42,李丽,li,li,,lili,ll,lil
43,张军,zhang,jun,,zhangjun,zj,zhangj
44,王杰,wang,jie,,wangjie,wj,wangj
45,张强,zhang,qiang,,zhangqiang,zq,zhangq
46,王秀兰,wang,xiu,lan,wangxiulan,wxl,wangxl
47,王刚,wang,gang,,wanggang,wg,wangg
48,王平,wang,ping,,wangping,wp,wangp
49,刘芳,liu,fang,,liufang,lf,liuf
50,张燕,zhang,yan,,zhangyan,zy,zhangy
51,刘艳,liu,yan,,liuyan,ly,liuy
52,刘军,liu,jun,,liujun,lj,liuj
53,李平,li,ping,,liping,lp,lip
54,王辉,wang,hui,,wanghui,wh,wangh
55,王燕,wang,yan,,wangyan,wy,wangy
56,陈静,chen,jing,,chenjing,cj,chenj
57,刘勇,liu,yong,,liuyong,ly,liuy
58,李玲,li,ling,,liling,ll,lil
59,李桂英,li,gui,ying,liguiying,lgy,ligy
60,王丹,wang,dan,,wangdan,wd,wangd
61,李刚,li,gang,,ligang,lg,lig
62,李丹,li,dan,,lidan,ld,lid
63,李萍,li,ping,,liping,lp,lip
64,王鹏,wang,peng,,wangpeng,wp,wangp
65,刘涛,liu,tao,,liutao,lt,liut
66,陈伟,chen,wei,,chenwei,cw,chenw
67,张华,zhang,hua,,zhanghua,zh,zhangh
68,刘静,liu,jing,,liujing,lj,liuj
69,李涛,li,tao,,litao,lt,lit
70,王桂英,wang,gui,ying,wangguiying,wgy,wanggy
71,张秀兰,zhang,xiu,lan,zhangxiulan,zxl,zhangxl
72,李红,li,hong,,lihong,lh,lih
73,李超,li,chao,,lichao,lc,lic
74,刘丽,liu,li,,liuli,ll,liul
75,张桂英,zhang,gui,ying,zhangguiying,zgy,zhanggy
76,王玉兰,wang,yu,lan,wangyulan,wyl,wangyl
77,李燕,li,yan,,liyan,ly,liy
78,张鹏,zhang,peng,,zhangpeng,zp,zhangp
79,李秀兰,li,xiu,lan,lixiulan,lxl,lixl
80,张超,zhang,chao,,zhangchao,zc,zhangc
81,王玲,wang,ling,,wangling,wl,wangl
82,张玲,zhang,ling,,zhangling,zl,zhangl
83,李华,li,hua,,lihua,lh,lih
84,王飞,wang,fei,,wangfei,wf,wangf
85,张玉兰,zhang,yu,lan,zhangyulan,zyl,zhangyl
86,王桂兰,wang,gui,lan,wangguilan,wgl,wanggl
87,王英,wang,ying,,wangying,wy,wangy
88,刘强,liu,qiang,,liuqiang,lq,liuq
89,陈秀英,chen,xiu,ying,chenxiuying,cxy,chenxy
90,李英,li,ying,,liying,ly,liy
91,李辉,li,hui,,lihui,lh,lih
92,李梅,li,mei,,limei,lm,lim
93,陈勇,chen,yong,,chenyong,cy,cheny
94,王鑫,wang,xin,,wangxin,wx,wangx
95,李芳,li,fang,,lifang,lf,lif
96,张桂兰,zhang,gui,lan,zhangguilan,zgl,zhanggl
97,李波,li,bo,,libo,lb,lib
98,杨勇,yang,yong,,yangyong,yy,yangy
99,王霞,wang,xia,,wangxia,wx,wangx
100,李桂兰,li,gui,lan,liguilan,lgl,ligl
101,王斌,wang,bin,,wangbin,wb,wangb
102,李鹏,li,peng,,lipeng,lp,lip
103,张平,zhang,ping,,zhangping,zp,zhangp
104,张莉,zhang,li,,zhangli,zl,zhangl
105,张辉,zhang,hui,,zhanghui,zh,zhangh
106,张宇,zhang,yu,,zhangyu,zy,zhangy
107,刘娟,liu,juan,,liujuan,lj,liuj
108,李斌,li,bin,,libin,lb,lib
109,王浩,wang,hao,,wanghao,wh,wangh
110,陈杰,chen,jie,,chenjie,cj,chenj
111,王凯,wang,kai,,wangkai,wk,wangk
112,陈丽,chen,li,,chenli,cl,chenl
113,陈敏,chen,min,,chenmin,cm,chenm
114,王秀珍,wang,xiu,zhen,wangxiuzhen,wxz,wangxz
115,李玉兰,li,yu,lan,liyulan,lyl,liyl
116,刘秀英,liu,xiu,ying,liuxiuying,lxy,liuxy
117,王萍,wang,ping,,wangping,wp,wangp
118,王萍,wang,ping,,wangping,wp,wangp
119,张波,zhang,bo,,zhangbo,zb,zhangb
120,刘桂英,liu,gui,ying,liuguiying,lgy,liugy
121,杨秀英,yang,xiu,ying,yangxiuying,yxy,yangxy
122,张英,zhang,ying,,zhangying,zy,zhangy
123,杨丽,yang,li,,yangli,yl,yangl
124,张健,zhang,jian,,zhangjian,zj,zhangj
125,李俊,li,jun,,lijun,lj,lij
126,李莉,li,li,,lili,ll,lil
127,王波,wang,bo,,wangbo,wb,wangb
128,张红,zhang,hong,,zhanghong,zh,zhangh
129,刘丹,liu,dan,,liudan,ld,liud
130,李鑫,li,xin,,lixin,lx,lix
131,王莉,wang,li,,wangli,wl,wangl
132,杨静,yang,jing,,yangjing,yj,yangj
133,刘超,liu,chao,,liuchao,lc,liuc
134,张娟,zhang,juan,,zhangjuan,zj,zhangj
135,杨帆,yang,fan,,yangfan,yf,yangf
136,刘燕,liu,yan,,liuyan,ly,liuy
137,刘英,liu,ying,,liuying,ly,liuy
138,李雪,li,xue,,lixue,lx,lix
139,李秀珍,li,xiu,zhen,lixiuzhen,lxz,lixz
140,张鑫,zhang,xin,,zhangxin,zx,zhangx
141,王健,wang,jian,,wangjian,wj,wangj
142,刘玉兰,liu,yu,lan,liuyulan,lyl,liuyl
143,刘辉,liu,hui,,liuhui,lh,liuh
144,刘波,liu,bo,,liubo,lb,liub
145,张浩,zhang,hao,,zhanghao,zh,zhangh
146,张明,zhang,ming,,zhangming,zm,zhangm
147,陈燕,chen,yan,,chenyan,cy,cheny
148,张霞,zhang,xia,,zhangxia,zx,zhangx
149,陈艳,chen,yan,,chenyan,cy,cheny
150,杨杰,yang,jie,,yangjie,yj,yangj
151,王帅,wang,shuai,,wangshuai,ws,wangs
152,李慧,li,hui,,lihui,lh,lih
153,王雪,wang,xue,,wangxue,wx,wangx
154,杨军,yang,jun,,yangjun,yj,yangj
155,张旭,zhang,xu,,zhangxu,zx,zhangx
156,刘刚,liu,gang,,liugang,lg,liug
157,王华,wang,hua,,wanghua,wh,wangh
158,杨敏,yang,min,,yangmin,ym,yangm
159,王宁,wang,ning,,wangning,wn,wangn
160,李宁,li,ning,,lining,ln,lin
161,王俊,wang,jun,,wangjun,wj,wangj
162,刘桂兰,liu,gui,lan,liuguilan,lgl,liugl
163,刘斌,liu,bin,,liubin,lb,liub
164,张萍,zhang,ping,,zhangping,zp,zhangp
165,王婷,wang,ting,,wangting,wt,wangt
166,陈涛,chen,tao,,chentao,ct,chent
167,王玉梅,wang,yu,mei,wangyumei,wym,wangym
168,王娜,wang,na,,wangna,wn,wangn
169,张斌,zhang,bin,,zhangbin,zb,zhangb
170,陈龙,chen,long,,chenlong,cl,chenl
171,李林,li,lin,,lilin,ll,lil
172,王玉珍,wang,yu,zhen,wangyuzhen,wyz,wangyz
173,张凤英,zhang,feng,ying,zhangfengying,zfy,zhangfy
174,王红,wang,hong,,wanghong,wh,wangh
175,李凤英,li,feng,ying,lifengying,lfy,lify
176,杨洋,yang,yang,,yangyang,yy,yangy
177,李婷,li,ting,,liting,lt,lit
178,张俊,zhang,jun,,zhangjun,zj,zhangj
179,王林,wang,lin,,wanglin,wl,wangl
180,陈英,chen,ying,,chenying,cy,cheny
181,陈军,chen,jun,,chenjun,cj,chenj
182,刘霞,liu,xia,,liuxia,lx,liux
183,陈浩,chen,hao,,chenhao,ch,chenh
184,张凯,zhang,kai,,zhangkai,zk,zhangk
185,王晶,wang,jing,,wangjing,wj,wangj
186,陈芳,chen,fang,,chenfang,cf,chenf
187,张婷,zhang,ting,,zhangting,zt,zhangt
188,杨涛,yang,tao,,yangtao,yt,yangt
189,杨波,yang,bo,,yangbo,yb,yangb
190,陈红,chen,hong,,chenhong,ch,chenh
191,刘欢,liu,huan,,liuhuan,lh,liuh
192,王玉英,wang,yu,ying,wangyuying,wyy,wangyy
193,陈娟,chen,juan,,chenjuan,cj,chenj
194,陈刚,chen,gang,,chengang,cg,cheng
195,王慧,wang,hui,,wanghui,wh,wangh
196,张颖,zhang,ying,,zhangying,zy,zhangy
197,张林,zhang,lin,,zhanglin,zl,zhangl
198,张娜,zhang,na,,zhangna,zn,zhangn
199,张玉梅,zhang,yu,mei,zhangyumei,zym,zhangym
200,王凤英,wang,feng,ying,wangfengying,wfy,wangfy
201,张玉英,zhang,yu,ying,zhangyuying,zyy,zhangyy
202,李红梅,li,hong,mei,lihongmei,lhm,lihm
203,刘佳,liu,jia,,liujia,lj,liuj
204,刘磊,liu,lei,,liulei,ll,liul
205,张倩,zhang,qian,,zhangqian,zq,zhangq
206,刘鹏,liu,peng,,liupeng,lp,liup
207,王旭,wang,xu,,wangxu,wx,wangx
208,张雪,zhang,xue,,zhangxue,zx,zhangx
209,李阳,li,yang,,liyang,ly,liy
210,张秀珍,zhang,xiu,zhen,zhangxiuzhen,zxz,zhangxz
211,王梅,wang,mei,,wangmei,wm,wangm
212,王建华,wang,jian,hua,wangjianhua,wjh,wangjh
213,李玉梅,li,yu,mei,liyumei,lym,liym
214,王颖,wang,ying,,wangying,wy,wangy
215,刘平,liu,ping,,liuping,lp,liup
216,杨梅,yang,mei,,yangmei,ym,yangm
217,李飞,li,fei,,lifei,lf,lif
218,王亮,wang,liang,,wangliang,wl,wangl
219,李磊,li,lei,,lilei,ll,lil
220,李建华,li,jian,hua,lijianhua,ljh,lijh
221,王宇,wang,yu,,wangyu,wy,wangy
222,陈玲,chen,ling,,chenling,cl,chenl
223,张建华,zhang,jian,hua,zhangjianhua,zjh,zhangjh
224,刘鑫,liu,xin,,liuxin,lx,liux
225,王倩,wang,qian,,wangqian,wq,wangq
226,张帅,zhang,shuai,,zhangshuai,zs,zhangs
227,李健,li,jian,,lijian,lj,lij
228,陈林,chen,lin,,chenlin,cl,chenl
229,李洋,li,yang,,liyang,ly,liy
230,陈强,chen,qiang,,chenqiang,cq,chenq
231,赵静,zhao,jing,,zhaojing,zj,zhaoj
232,王成,wang,cheng,,wangcheng,wc,wangc
233,张玉珍,zhang,yu,zhen,zhangyuzhen,zyz,zhangyz
234,陈超,chen,chao,,chenchao,cc,chenc
235,陈亮,chen,liang,,chenliang,cl,chenl
236,刘娜,liu,na,,liuna,ln,liun
237,王琴,wang,qin,,wangqin,wq,wangq
238,张兰英,zhang,lan,ying,zhanglanying,zly,zhangly
239,张慧,zhang,hui,,zhanghui,zh,zhangh
240,刘畅,liu,chang,,liuchang,lc,liuc
241,李倩,li,qian,,liqian,lq,liq
242,杨艳,yang,yan,,yangyan,yy,yangy
243,张亮,zhang,liang,,zhangliang,zl,zhangl
244,张建,zhang,jian,,zhangjian,zj,zhangj
245,李云,li,yun,,liyun,ly,liy
246,张琴,zhang,qin,,zhangqin,zq,zhangq
247,王兰英,wang,lan,ying,wanglanying,wly,wangly
248,李玉珍,li,yu,zhen,liyuzhen,lyz,liyz
249,刘萍,liu,ping,,liuping,lp,liup
250,陈桂英,chen,gui,ying,chenguiying,cgy,chengy
251,刘颖,liu,ying,,liuying,ly,liuy
252,杨超,yang,chao,,yangchao,yc,yangc
253,张梅,zhang,mei,,zhangmei,zm,zhangm
254,陈平,chen,ping,,chenping,cp,chenp
255,王建,wang,jian,,wangjian,wj,wangj
256,刘红,liu,hong,,liuhong,lh,liuh
257,赵伟,zhao,wei,,zhaowei,zw,zhaow
258,张云,zhang,yun,,zhangyun,zy,zhangy
259,张宁,zhang,ning,,zhangning,zn,zhangn
260,杨林,yang,lin,,yanglin,yl,yangl
261,张洁,zhang,jie,,zhangjie,zj,zhangj
262,高峰,gao,feng,,gaofeng,gf,gaof
263,王建国,wang,jian,guo,wangjianguo,wjg,wangjg
264,杨阳,yang,yang,,yangyang,yy,yangy
265,陈华,chen,hua,,chenhua,ch,chenh
266,杨华,yang,hua,,yanghua,yh,yangh
267,王建军,wang,jian,jun,wangjianjun,wjj,wangjj
268,杨柳,yang,liu,,yangliu,yl,yangl
269,刘阳,liu,yang,,liuyang,ly,liuy
270,王淑珍,wang,shu,zhen,wangshuzhen,wsz,wangsz
271,杨芳,yang,fang,,yangfang,yf,yangf
272,李春梅,li,chun,mei,lichunmei,lcm,licm
273,刘俊,liu,jun,,liujun,lj,liuj
274,王海燕,wang,hai,yan,wanghaiyan,why,wanghy
275,刘玲,liu,ling,,liuling,ll,liul
276,陈晨,chen,chen,,chenchen,cc,chenc
277,王欢,wang,huan,,wanghuan,wh,wangh
278,李冬梅,li,dong,mei,lidongmei,ldm,lidm
279,张龙,zhang,long,,zhanglong,zl,zhangl
280,陈波,chen,bo,,chenbo,cb,chenb
281,陈磊,chen,lei,,chenlei,cl,chenl
282,王云,wang,yun,,wangyun,wy,wangy
283,王峰,wang,feng,,wangfeng,wf,wangf
284,王秀荣,wang,xiu,rong,wangxiurong,wxr,wangxr
285,王瑞,wang,rui,,wangrui,wr,wangr
286,李琴,li,qin,,liqin,lq,liq
287,李桂珍,li,gui,zhen,liguizhen,lgz,ligz
288,陈鹏,chen,peng,,chenpeng,cp,chenp
289,王莹,wang,ying,,wangying,wy,wangy
290,刘飞,liu,fei,,liufei,lf,liuf
291,王秀云,wang,xiu,yun,wangxiuyun,wxy,wangxy
292,陈明,chen,ming,,chenming,cm,chenm
293,王桂荣,wang,gui,rong,wangguirong,wgr,wanggr
294,李浩,li,hao,,lihao,lh,lih
295,王志强,wang,zhi,qiang,wangzhiqiang,wzq,wangzq
296,张丹,zhang,dan,,zhangdan,zd,zhangd
297,李峰,li,feng,,lifeng,lf,lif
298,张红梅,zhang,hong,mei,zhanghongmei,zhm,zhanghm
299,刘凤英,liu,feng,ying,liufengying,lfy,liufy
300,李玉英,li,yu,ying,liyuying,lyy,liyy
301,王秀梅,wang,xiu,mei,wangxiumei,wxm,wangxm
302,李佳,li,jia,,lijia,lj,lij
303,王丽娟,wang,li,juan,wanglijuan,wlj,wanglj
304,陈辉,chen,hui,,chenhui,ch,chenh
305,张婷婷,zhang,tingting,,zhangtingting,zt,zhangt
306,张芳,zhang,fang,,zhangfang,zf,zhangf
307,王婷婷,wang,tingting,,wangtingting,wt,wangt
308,王玉华,wang,yu,hua,wangyuhua,wyh,wangyh
309,张建国,zhang,jian,guo,zhangjianguo,zjg,zhangjg
310,李兰英,li,lan,ying,lilanying,lly,lily
311,王桂珍,wang,gui,zhen,wangguizhen,wgz,wanggz
312,李秀梅,li,xiu,mei,lixiumei,lxm,lixm
313,陈玉兰,chen,yu,lan,chenyulan,cyl,chenyl
314,陈霞,chen,xia,,chenxia,cx,chenx
315,刘凯,liu,kai,,liukai,lk,liuk
316,张玉华,zhang,yu,hua,zhangyuhua,zyh,zhangyh
317,刘玉梅,liu,yu,mei,liuyumei,lym,liuym
318,刘华,liu,hua,,liuhua,lh,liuh
319,李兵,li,bing,,libing,lb,lib
320,张雷,zhang,lei,,zhanglei,zl,zhangl
321,王东,wang,dong,,wangdong,wd,wangd
322,李建军,li,jian,jun,lijianjun,ljj,lijj
323,刘玉珍,liu,yu,zhen,liuyuzhen,lyz,liuyz
324,王琳,wang,lin,,wanglin,wl,wangl
325,李建国,li,jian,guo,lijianguo,ljg,lijg
326,李颖,li,ying,,liying,ly,liy
327,杨伟,yang,wei,,yangwei,yw,yangw
328,李桂荣,li,gui,rong,liguirong,lgr,ligr
329,王龙,wang,long,,wanglong,wl,wangl
330,刘婷,liu,ting,,liuting,lt,liut
331,陈秀兰,chen,xiu,lan,chenxiulan,cxl,chenxl
332,张建军,zhang,jian,jun,zhangjianjun,zjj,zhangjj
333,李秀荣,li,xiu,rong,lixiurong,lxr,lixr
334,刘明,liu,ming,,liuming,lm,lium
335,周敏,zhou,min,,zhoumin,zm,zhoum
336,张秀梅,zhang,xiu,mei,zhangxiumei,zxm,zhangxm
337,李雪梅,li,xue,mei,lixuemei,lxm,lixm
338,黄伟,huang,wei,,huangwei,hw,huangw
339,张海燕,zhang,hai,yan,zhanghaiyan,zhy,zhanghy
340,王淑兰,wang,shu,lan,wangshulan,wsl,wangsl
341,李志强,li,zhi,qiang,lizhiqiang,lzq,lizq
342,杨磊,yang,lei,,yanglei,yl,yangl
343,李晶,li,jing,,lijing,lj,lij
344,李婷婷,li,tingting,,litingting,lt,lit
345,张秀荣,zhang,xiu,rong,zhangxiurong,zxr,zhangxr
346,刘建华,liu,jian,hua,liujianhua,ljh,liujh
347,王丽丽,wang,li,li,wanglili,wll,wangll
348,赵敏,zhao,min,,zhaomin,zm,zhaom
349,陈云,chen,yun,,chenyun,cy,cheny
350,李海燕,li,hai,yan,lihaiyan,lhy,lihy
351,张桂荣,zhang,gui,rong,zhangguirong,zgr,zhanggr
352,张晶,zhang,jing,,zhangjing,zj,zhangj
353,刘莉,liu,li,,liuli,ll,liul
354,李凯,li,kai,,likai,lk,lik
355,张玉,zhang,yu,,zhangyu,zy,zhangy
356,张峰,zhang,feng,,zhangfeng,zf,zhangf
357,刘秀兰,liu,xiu,lan,liuxiulan,lxl,liuxl
358,张志强,zhang,zhi,qiang,zhangzhiqiang,zzq,zhangzq
359,李龙,li,long,,lilong,ll,lil
360,李秀云,li,xiu,yun,lixiuyun,lxy,lixy
361,李秀芳,li,xiu,fang,lixiufang,lxf,lixf
362,李帅,li,shuai,,lishuai,ls,lis
363,李欣,li,xin,,lixin,lx,lix
364,刘云,liu,yun,,liuyun,ly,liuy
365,张丽丽,zhang,li,li,zhanglili,zll,zhangll
366,李洁,li,jie,,lijie,lj,lij
367,张秀云,zhang,xiu,yun,zhangxiuyun,zxy,zhangxy
368,王淑英,wang,shu,ying,wangshuying,wsy,wangsy
369,王春梅,wang,chun,mei,wangchunmei,wcm,wangcm
370,王红梅,wang,hong,mei,wanghongmei,whm,wanghm
371,陈斌,chen,bin,,chenbin,cb,chenb
372,李玉华,li,yu,hua,liyuhua,lyh,liyh
373,李桂芳,li,gui,fang,liguifang,lgf,ligf
374,张莹,zhang,ying,,zhangying,zy,zhangy
375,陈飞,chen,fei,,chenfei,cf,chenf
376,王博,wang,bo,,wangbo,wb,wangb
377,刘浩,liu,hao,,liuhao,lh,liuh
378,黄秀英,huang,xiu,ying,huangxiuying,hxy,huangxy
379,刘玉英,liu,yu,ying,liuyuying,lyy,liuyy
380,李淑珍,li,shu,zhen,lishuzhen,lsz,lisz
381,黄勇,huang,yong,,huangyong,hy,huangy
382,周伟,zhou,wei,,zhouwei,zw,zhouw
383,王秀芳,wang,xiu,fang,wangxiufang,wxf,wangxf
384,王丽华,wang,li,hua,wanglihua,wlh,wanglh
385,王丹丹,wang,dan,dan,wangdandan,wdd,wangdd
386,李彬,li,bin,,libin,lb,lib
387,王桂香,wang,gui,xiang,wangguixiang,wgx,wanggx
388,王坤,wang,kun,,wangkun,wk,wangk
389,刘慧,liu,hui,,liuhui,lh,liuh
390,李想,li,xiang,,lixiang,lx,lix
391,张瑞,zhang,rui,,zhangrui,zr,zhangr
392,张桂珍,zhang,gui,zhen,zhangguizhen,zgz,zhanggz
393,王淑华,wang,shu,hua,wangshuhua,wsh,wangsh
394,刘帅,liu,shuai,,liushuai,ls,lius
395,张飞,zhang,fei,,zhangfei,zf,zhangf
396,张秀芳,zhang,xiu,fang,zhangxiufang,zxf,zhangxf
397,王洋,wang,yang,,wangyang,wy,wangy
398,陈洁,chen,jie,,chenjie,cj,chenj
399,张桂芳,zhang,gui,fang,zhangguifang,zgf,zhanggf
400,张丽娟,zhang,li,juan,zhanglijuan,zlj,zhanglj
401,王荣,wang,rong,,wangrong,wr,wangr
402,吴秀英,wu,xiu,ying,wuxiuying,wxy,wuxy
403,杨明,yang,ming,,yangming,ym,yangm
404,李桂香,li,gui,xiang,liguixiang,lgx,ligx
405,马丽,ma,li,,mali,ml,mal
406,刘倩,liu,qian,,liuqian,lq,liuq
407,杨秀兰,yang,xiu,lan,yangxiulan,yxl,yangxl
408,杨玲,yang,ling,,yangling,yl,yangl
409,王秀华,wang,xiu,hua,wangxiuhua,wxh,wangxh
410,杨平,yang,ping,,yangping,yp,yangp
411,王彬,ang,bin,,angbin,ab,angb
412,李亮,li,liang,,liliang,ll,lil
413,李荣,li,rong,,lirong,lr,lir
414,李桂芝,li,gui,zhi,liguizhi,lgz,ligz
415,李琳,li,lin,,lilin,ll,lil
416,李岩,li,yan,,liyan,ly,liy
417,李建,li,jian,,lijian,lj,lij
418,王兵,wang,bing,,wangbing,wb,wangb
419,王桂芳,wang,gui,fang,wangguifang,wgf,wanggf
420,王明,wang,ming,,wangming,wm,wangm
421,陈梅,chen,mei,,chenmei,cm,chenm
422,张春梅,zhang,chun,mei,zhangchunmei,zcm,zhangcm
423,李杨,li,yang,,liyang,ly,liy
424,王岩,wang,yan,,wangyan,wy,wangy
425,王冬梅,wang,dong,mei,wangdongmei,wdm,wangdm
426,刘峰,liu,feng,,liufeng,lf,liuf
427,李秀华,li,xiu,hua,lixiuhua,lxh,lixh
428,李丹丹,li,dan,dan,lidandan,ldd,lidd
429,杨雪,yang,xue,,yangxue,yx,yangx
430,刘玉华,liu,yu,hua,liuyuhua,lyh,liuyh
431,马秀英,ma,xiu,ying,maxiuying,mxy,maxy
432,张丽华,zhang,li,hua,zhanglihua,zlh,zhanglh
433,张淑珍,zhang,shu,zhen,zhangshuzhen,zsz,zhangsz
434,李小红,li,xiao,hong,lixiaohong,lxh,lixh
435,张博,zhang,bo,,zhangbo,zb,zhangb
436,王欣,wang,xin,,wangxin,wx,wangx
437,王桂芝,wang,gui,zhi,wangguizhi,wgz,wanggz
438,赵丽,zhao,li,,zhaoli,zl,zhaol
439,张秀华,zhang,xiu,hua,zhangxiuhua,zxh,zhangxh
440,张琳,zhang,lin,,zhanglin,zl,zhangl
441,黄敏,huang,min,,huangmin,hm,huangm
442,杨娟,yang,juan,,yangjuan,yj,yangj
443,王金凤,wang,jin,feng,wangjinfeng,wjf,wangjf
444,周杰,zhou,jie,,zhoujie,zj,zhouj
445,王雷,wang,lei,,wanglei,wl,wangl
446,陈建华,chen,jian,hua,chenjianhua,cjh,chenjh
447,刘梅,liu,mei,,liumei,lm,lium
448,杨桂英,yang,gui,ying,yangguiying,ygy,yanggy
449,李淑英,li,shu,ying,lishuying,lsy,lisy
450,陈玉英,chen,yu,ying,chenyuying,cyy,chenyy
451,杨秀珍,yang,xiu,zhen,yangxiuzhen,yxz,yangxz
452,孙秀英,sun,xiu,ying,sunxiuying,sxy,sunxy
453,赵军,zhao,jun,,zhaojun,zj,zhaoj
454,赵勇,zhao,yong,,zhaoyong,zy,zhaoy
455,刘兵,liu,bing,,liubing,lb,liub
456,杨斌,yang,bin,,yangbin,yb,yangb
457,李文,li,wen,,liwen,lw,liw
458,陈琳,chen,lin,,chenlin,cl,chenl
459,陈萍,chen,ping,,chenping,cp,chenp
460,孙伟,sun,wei,,sunwei,sw,sunw
461,张利,zhang,li,,zhangli,zl,zhangl
462,陈俊,chen,jun,,chenjun,cj,chenj
463,张楠,zhang,nan,,zhangnan,zn,zhangn
464,刘桂珍,liu,gui,zhen,liuguizhen,lgz,liugz
465,刘宇,liu,yu,,liuyu,ly,liuy
466,刘建军,liu,jian,jun,liujianjun,ljj,liujj
467,张淑英,zhang,shu,ying,zhangshuying,zsy,zhangsy
468,李红霞,li,hong,xia,lihongxia,lhx,lihx
469,赵秀英,zhao,xiu,ying,zhaoxiuying,zxy,zhaoxy
470,李博,li,bo,,libo,lb,lib
471,王利,wang,li,,wangli,wl,wangl
472,张荣,zhang,rong,,zhangrong,zr,zhangr
473,张帆,zhang,fan,,zhangfan,zf,zhangf
474,王建平,wang,jian,ping,wangjianping,wjp,wangjp
475,张桂芝,zhang,gui,zhi,zhangguizhi,zgz,zhanggz
476,张瑜,zhang,yu,,zhangyu,zy,zhangy
477,周勇,zhou,yong,,zhouyong,zy,zhouy
478,张坤,zhang,kun,,zhangkun,zk,zhangk
479,徐伟,xu,wei,,xuwei,xw,xuw
480,王桂花,wang,gui,hua,wangguihua,wgh,wanggh
481,刘琴,liu,qin,,liuqin,lq,liuq
482,周静,zhou,jing,,zhoujing,zj,zhouj
483,徐敏,xu,min,,xumin,xm,xum
484,刘婷婷,liu,ting,ting,liutingting,ltt,liutt
485,徐静,xu,jing,,xujing,xj,xuj
486,杨红,yang,hong,,yanghong,yh,yangh
487,王璐,wang,lu,,wanglu,wl,wangl
488,张淑兰,zhang,shu,lan,zhangshulan,zsl,zhangsl
489,张文,zhang,wen,,zhangwen,zw,zhangw
490,杨燕,yang,yan,,yangyan,yy,yangy
491,陈桂兰,chen,gui,lan,chenguilan,cgl,chengl
492,周丽,zhou,li,,zhouli,zl,zhoul
493,李淑华,li,shu,hua,lishuhua,lsh,lish
494,陈鑫,chen,xin,,chenxin,cx,chenx
495,马超,ma,chao,,machao,mc,mac
496,刘建国,liu,jian,guo,liujianguo,ljg,liujg
497,李桂花,li,gui,hua,liguihua,lgh,ligh
498,王凤兰,wang,feng,lan,wangfenglan,wfl,wangfl
499,李淑兰,li,shu,lan,lishulan,lsl,lisl
500,陈秀珍,chen,xiu,zhen,chenxiuzhen,cxz,chenxz


